0,Emotion,Confidence,Room,Device
3/26/2025 11:44:55,Neutral,0,Entrance,
3/26/2025 11:44:55,Neutral,0,Entrance,
3/26/2025 11:47:37,Happy,34.45,Entrance,
3/26/2025 11:55:45,Neutral,0,Entrance,
3/26/2025 11:56:55,Happy,35.35,Gallery 1,
3/26/2025 11:59:31,Neutral,0,Entrance,
3/26/2025 11:59:41,Happy,65.36,Entrance,
3/26/2025 12:01:26,Angry,33.85,Restrooms,
3/26/2025 12:06:14,Neutral,0,Entrance,
3/26/2025 12:06:41,Happy,33.99,Entrance,
3/26/2025 12:07:55,Neutral,33.41,Gallery 1,
3/26/2025 12:08:10,Sad,34.21,Gallery 1,
3/26/2025 12:08:25,Happy,63.24,Gallery 1,
3/26/2025 12:09:41,Sad,31.39,Gallery 1,
3/26/2025 12:10:56,Neutral,34.29,Gallery 1,
3/26/2025 12:11:41,Happy,67.16,Gallery 1,
3/26/2025 12:15:18,Neutral,0,Entrance,
3/26/2025 12:18:53,Neutral,0,Entrance,
3/26/2025 12:20:46,Sad,34.4,Entrance,
3/26/2025 12:22:27,Neutral,0,Entrance,
3/26/2025 12:28:32,Neutral,0,Entrance,
3/26/2025 12:29:33,Neutral,0,Entrance,
3/26/2025 13:01:08,Neutral,0,Entrance,
3/26/2025 13:01:54,Happy,43.29,Entrance,
3/26/2025 13:41:35,Neutral,0,Entrance,
3/26/2025 13:42:52,Neutral,0,Entrance,
3/26/2025 14:01:55,Neutral,0,Entrance,
3/26/2025 14:03:47,Neutral,0,Entrance,
3/26/2025 14:07:16,Neutral,0,Entrance,
3/26/2025 14:08:55,Neutral,0,Entrance,
3/26/2025 14:09:05,Fear,43.94,Entrance,
3/26/2025 14:09:33,Neutral,0,Entrance,
3/26/2025 14:09:45,Fear,33.36,Entrance,
3/26/2025 14:11:41,Sad,41.05,Entrance,
3/26/2025 14:11:41,Neutral,41.05,Entrance,
3/26/2025 14:11:54,Neutral,0,Entrance,
3/26/2025 14:12:29,Sad,48.29,Entrance,
3/26/2025 14:12:29,Neutral,48.29,Entrance,
3/26/2025 14:12:48,Neutral,0,Entrance,
3/26/2025 14:13:36,Happy,32.06,Entrance,
3/26/2025 14:13:59,Fear,30.22,Entrance,
3/26/2025 14:14:13,Neutral,35.49,Entrance,
3/26/2025 14:14:28,Fear,34.54,Entrance,
3/26/2025 14:14:58,Angry,47,Entrance,
3/26/2025 14:15:03,Neutral,0,Entrance,
3/26/2025 14:15:31,Neutral,0,Entrance,
3/26/2025 14:16:13,Fear,41.93,Entrance,
3/26/2025 14:16:43,Angry,36.38,Entrance,
3/26/2025 14:17:28,Surprise,34.61,Gallery 1,
3/26/2025 15:43:48,Neutral,0,Entrance,
3/26/2025 16:28:12,Neutral,0,Entrance,
3/26/2025 16:29:10,Happy,30.71,Gallery 1,
3/26/2025 16:42:52,Neutral,0,Entrance,
3/26/2025 16:43:33,Neutral,0,Entrance,
3/26/2025 16:45:29,Neutral,0,Entrance,
3/26/2025 16:46:42,Neutral,0,Entrance,
3/26/2025 16:47:19,Happy,33.75,Entrance,
3/26/2025 16:54:58,Fear,36.17,Gallery 1,
3/26/2025 16:55:48,Neutral,0,Entrance,
3/26/2025 17:58:18,Neutral,0,Entrance,
3/26/2025 18:01:32,Sad,30.58,Entrance,
3/26/2025 19:22:40,Neutral,0,Entrance,
3/26/2025 19:22:51,Sad,30.22,Entrance,
3/26/2025 19:23:20,Happy,51.59,Entrance,
3/26/2025 19:23:35,Sad,30.16,Entrance,
3/26/2025 19:52:19,Fear,39.79,Gallery 3,
3/26/2025 20:22:20,Neutral,0,Entrance,
3/26/2025 20:41:27,Neutral,0,Entrance,
3/26/2025 20:54:35,Neutral,0,Entrance,
3/26/2025 20:55:04,Sad,30.42,Entrance,
3/26/2025 21:11:24,Neutral,0,Entrance,
3/26/2025 21:12:38,Sad,34.77,Entrance,
3/26/2025 21:12:38,Neutral,34.77,Entrance,
3/26/2025 21:13:07,Neutral,0,Entrance,
3/26/2025 21:13:59,Neutral,0,Entrance,
3/26/2025 21:20:35,Neutral,0,Entrance,
3/26/2025 21:58:04,Neutral,0,Entrance,
3/26/2025 22:22:43,Neutral,0,Entrance,
3/26/2025 22:22:52,Fear,30.57,Entrance,
3/26/2025 23:27:08,Neutral,0,Entrance,
3/26/2025 23:27:19,Neutral,0,Entrance,
3/27/2025 0:44:06,Neutral,0,Entrance,
3/27/2025 2:31:12,Neutral,0,Entrance,
3/27/2025 3:02:15,Neutral,0,Entrance,
3/27/2025 12:35:17,Neutral,0,Entrance,
3/27/2025 12:36:07,Neutral,0,Entrance,
3/27/2025 12:37:05,Happy,37.53,Entrance,
3/27/2025 12:37:33,Surprise,34.01,Entrance,
3/27/2025 12:39:33,Happy,30.2,Entrance,
3/27/2025 12:41:14,Neutral,0,Entrance,
3/27/2025 12:41:43,Happy,45.19,Entrance,
3/27/2025 12:43:12,Neutral,0,Entrance,
3/27/2025 12:45:13,Happy,36.54,Gallery 1,
3/27/2025 14:05:15,Neutral,0,Entrance,
3/27/2025 14:05:16,Neutral,0,Entrance,
3/27/2025 14:05:28,Fear,39.79,Gallery 1,
3/27/2025 16:08:25,Neutral,0,Entrance,
3/27/2025 16:08:25,Neutral,0,Entrance,
3/27/2025 16:08:34,Fear,39.79,Entrance,
3/28/2025 6:42:39,Neutral,0,Entrance,
3/28/2025 6:42:59,Fear,32.37,Entrance,
3/28/2025 6:45:58,Neutral,0,Entrance,
3/28/2025 10:33:09,Neutral,0,Entrance,
3/28/2025 11:46:43,Neutral,0,Entrance,
3/28/2025 11:47:44,Neutral,0,Entrance,
3/29/2025 8:48:10,Neutral,0,Entrance,
3/30/2025 17:09:13,Neutral,0,Entrance,
3/30/2025 17:11:10,Neutral,0,Entrance,
3/30/2025 17:13:15,Neutral,0,Entrance,
3/30/2025 17:13:25,Fear,35.06,Entrance,
3/30/2025 17:13:39,Happy,45.76,Gallery 1,
3/31/2025 10:21:24,Neutral,0,Entrance,
3/31/2025 10:21:24,Neutral,0,Entrance,
3/31/2025 10:22:00,Fear,40.74,Entrance,
4/1/2025 12:04:01,Neutral,0,Entrance,
4/1/2025 12:04:01,Neutral,0,Entrance,
4/1/2025 12:04:23,Fear,40.74,Entrance,
4/1/2025 12:09:42,Neutral,0,Entrance,
4/1/2025 12:09:42,Neutral,0,Entrance,
4/1/2025 12:09:55,Fear,40.74,Entrance,
4/1/2025 12:12:27,Neutral,0,Entrance,
4/1/2025 12:12:27,Neutral,0,Entrance,
4/1/2025 12:12:38,Fear,40.74,Entrance,
4/1/2025 12:15:40,Neutral,0,Entrance,
4/1/2025 12:15:40,Neutral,0,Entrance,
4/1/2025 12:18:41,Neutral,0,Entrance,
4/1/2025 12:18:41,Neutral,0,Entrance,
4/1/2025 12:26:19,Neutral,0,Entrance,
4/1/2025 12:26:20,Neutral,0,Entrance,
4/1/2025 12:26:39,Neutral,0,Entrance,
4/1/2025 12:26:39,Neutral,0,Entrance,
4/1/2025 12:28:28,Neutral,0,Entrance,
4/1/2025 12:28:28,Neutral,0,Entrance,
4/1/2025 12:31:00,Neutral,0,Entrance,
4/1/2025 12:31:00,Neutral,0,Entrance,
4/1/2025 12:31:30,Neutral,0,Entrance,
4/1/2025 12:31:30,Neutral,0,Entrance,
4/1/2025 12:32:11,Neutral,0,Entrance,
4/1/2025 12:32:12,Neutral,0,Entrance,
4/1/2025 12:32:41,Neutral,0,Entrance,
4/1/2025 12:32:41,Neutral,0,Entrance,
4/1/2025 12:33:25,Neutral,0,Entrance,
4/1/2025 12:33:25,Neutral,0,Entrance,
4/1/2025 12:34:15,Neutral,0,Entrance,
4/1/2025 12:34:15,Neutral,0,Entrance,
4/1/2025 12:36:05,Neutral,0,Entrance,
4/1/2025 12:36:06,Neutral,0,Entrance,
4/1/2025 12:38:17,Fear,40.74,Gallery 3,
4/1/2025 12:42:11,Neutral,0,Entrance,
4/1/2025 12:42:13,Fear,40.74,Entrance,
4/1/2025 12:42:29,Neutral,0,Entrance,
4/1/2025 12:42:29,Fear,40.74,Entrance,
4/1/2025 12:42:29,Neutral,0,Entrance,
4/1/2025 12:46:34,Neutral,0,Entrance,
4/1/2025 12:46:35,Fear,39.79,Entrance,
4/1/2025 12:48:35,Surprise,35.27,Gallery 2,
4/1/2025 12:50:04,Neutral,31.03,Restrooms,
4/1/2025 12:50:35,Happy,37.02,Gallery 1,
4/1/2025 12:50:50,Surprise,30.32,Entrance,
4/1/2025 12:55:04,Neutral,0,Entrance,
4/1/2025 12:55:05,Neutral,0,Entrance,
4/1/2025 12:55:34,Neutral,0,Entrance,
4/1/2025 12:55:35,Neutral,0,Entrance,
4/1/2025 13:00:47,Neutral,0,Gallery 1,
4/1/2025 13:00:48,Neutral,0,Gallery 1,
4/1/2025 13:02:42,Neutral,0,Entrance,
4/1/2025 13:02:42,Neutral,0,Entrance,
4/1/2025 13:03:10,Neutral,0,Entrance,
4/1/2025 13:03:11,Neutral,0,Entrance,
4/1/2025 13:03:29,Neutral,0,Entrance,
4/1/2025 13:03:29,Neutral,0,Entrance,
4/1/2025 13:04:30,Neutral,0,Entrance,
4/1/2025 13:04:30,Neutral,0,Entrance,
4/1/2025 13:04:30,Neutral,0,Entrance,
4/1/2025 13:04:50,Neutral,0,Entrance,
4/1/2025 13:04:52,Fear,32.45,Entrance,
4/1/2025 13:04:52,Neutral,0,Entrance,
4/1/2025 13:05:22,Angry,42.48,Entrance,
4/1/2025 13:05:24,Fear,34.37,Entrance,
4/1/2025 13:11:23,Neutral,0,Entrance,
4/1/2025 13:11:23,Neutral,0,Entrance,
4/1/2025 13:22:10,Fear,32.11,Entrance,
4/1/2025 13:25:40,Neutral,32.45,Entrance,
4/1/2025 13:25:40,Neutral,32.45,Entrance,
4/1/2025 13:30:42,Neutral,0,Entrance,
4/1/2025 13:30:42,Neutral,0,Entrance,
4/1/2025 13:30:44,Fear,32.45,Entrance,
4/1/2025 13:33:47,Neutral,30.45,Gallery 1,
4/1/2025 13:41:15,Neutral,0,Entrance,
4/1/2025 13:41:15,Neutral,0,Entrance,
4/1/2025 13:43:15,Happy,32.32,Entrance,
4/1/2025 13:44:43,Neutral,0,Entrance,
4/1/2025 13:44:44,Neutral,0,Entrance,
4/1/2025 13:44:58,Sad,33.99,Entrance,
4/1/2025 13:47:05,Neutral,0,Entrance,
4/1/2025 13:47:25,Sad,33.69,Entrance,
4/1/2025 13:48:04,Neutral,0,Entrance,
4/1/2025 13:48:04,Neutral,0,Entrance,
4/1/2025 13:48:17,Sad,33.46,33.46,
4/1/2025 13:48:56,Neutral,0,Entrance,
4/1/2025 13:48:56,Neutral,0,Entrance,
4/1/2025 13:49:04,Sad,32.69,Entrance,
4/1/2025 13:51:01,Neutral,0,Entrance,
4/1/2025 13:51:04,Neutral,0,Entrance,
4/1/2025 13:51:08,Sad,32.16,Entrance,
4/1/2025 15:02:27,Neutral,0,Entrance,
4/1/2025 15:02:27,Neutral,0,Entrance,
4/1/2025 15:03:11,Sad,34.35,Entrance,
4/1/2025 15:03:29,Neutral,0,Entrance,
4/1/2025 15:16:26,Neutral,0,Entrance,
4/1/2025 15:16:26,Neutral,0,Entrance,
4/1/2025 15:16:52,Neutral,0,Entrance,
4/1/2025 15:18:21,Sad,30.67,Entrance,
4/1/2025 15:20:16,Happy,30.23,Gallery 1,
4/1/2025 15:24:57,Sad,30.4,Gallery 1,
4/1/2025 15:25:27,Happy,35.46,Gallery 1,
4/1/2025 15:27:21,Sad,31.38,Gallery 2,
4/1/2025 15:28:15,Happy,31.15,Gallery 3,
4/1/2025 15:29:34,Sad,30.08,Gallery 3,
4/1/2025 15:29:45,Happy,31.1,Gallery 3,
4/1/2025 15:29:48,Sad,31.44,Gallery 3,
4/1/2025 15:43:39,Neutral,0,Entrance,
4/1/2025 15:43:39,Neutral,0,Entrance,
4/1/2025 15:47:21,Neutral,0,Entrance,
4/1/2025 15:47:21,Neutral,0,Entrance,
4/1/2025 15:47:34,Neutral,0,Entrance,
4/1/2025 15:47:35,Neutral,0,Entrance,
4/1/2025 16:01:27,Neutral,0,Entrance,
4/1/2025 16:01:28,Neutral,0,Entrance,
4/1/2025 16:02:13,Happy,41.12,Entrance,
4/1/2025 16:04:10,Sad,30.07,Entrance,
4/1/2025 16:10:29,Happy,31.32,Gallery 1,
4/1/2025 16:10:32,Sad,32.47,Gallery 1,
4/1/2025 16:11:14,Happy,32.15,Gallery 1,
4/1/2025 16:12:06,Sad,35.08,Gallery 1,
4/2/2025 10:15:52,Neutral,0,Entrance,
4/2/2025 10:15:52,Neutral,0,Entrance,
4/2/2025 10:16:40,Neutral,0,Entrance,
4/2/2025 11:53:30,Neutral,0,Entrance,
4/2/2025 11:53:30,Neutral,0,Entrance,
4/2/2025 11:54:03,Sad,33.86,Entrance,
4/2/2025 12:02:56,Neutral,30.21,Gallery 2,
4/2/2025 12:05:12,Sad,25.14,Gallery 2,
4/2/2025 12:09:37,Angry,26.3,Gallery 2,
4/2/2025 12:09:51,Neutral,30.97,Gallery 2,
4/2/2025 12:09:53,Sad,27.77,Gallery 2,
4/2/2025 12:10:02,Happy,31.63,Gallery 2,
4/2/2025 12:10:18,Sad,29.92,Gallery 2,
4/2/2025 12:10:56,Neutral,26,Gallery 2,
4/2/2025 12:14:47,Sad,25.09,Gallery 2,
4/2/2025 12:14:52,Neutral,25.51,Gallery 2,
4/4/2025 10:33:47,Neutral,0,Entrance,
4/4/2025 10:33:57,Happy,50.93,Entrance,
4/4/2025 10:34:04,Sad,32.5,Entrance,
4/4/2025 10:34:07,Happy,32.16,Entrance,
4/4/2025 10:34:10,Sad,30.37,Entrance,
4/4/2025 10:34:13,Happy,32.04,Entrance,
4/4/2025 10:34:40,Sad,30.86,Entrance,
4/4/2025 10:34:45,Happy,49.25,Entrance,
4/4/2025 10:35:05,Sad,34.56,Entrance,
4/4/2025 10:36:30,Happy,34.63,Entrance,
4/4/2025 10:52:38,Neutral,0,Entrance,
4/4/2025 10:52:42,Happy,30.31,Entrance,
4/4/2025 10:53:49,Sad,31.62,Entrance,
4/4/2025 10:53:52,Happy,50.2,Entrance,
4/6/2025 9:32:09,Neutral,0,Entrance,
4/6/2025 9:32:11,Happy,43.54,Entrance,
4/6/2025 9:32:28,Sad,30.19,Entrance,
4/6/2025 9:32:34,Happy,53.97,Entrance,
4/6/2025 9:33:16,Neutral,31.86,Gallery 1,
4/6/2025 9:33:31,Happy,40.98,Gallery 1,
4/6/2025 9:34:07,Neutral,30.31,Gallery 1,
4/6/2025 9:34:13,Happy,53.43,Gallery 1,
4/6/2025 9:35:56,Surprise,30.15,Gallery 3,
4/6/2025 9:35:57,Happy,37.52,Gallery 3,
4/6/2025 11:16:48,Neutral,0,Entrance,
4/8/2025 19:09:24,Neutral,0,Entrance,
4/12/2025 18:24:04,Neutral,0,Entrance,
4/12/2025 18:26:53,Neutral,0,Entrance,
4/12/2025 18:27:03,Surprise,48.83,Entrance,
4/12/2025 19:03:59,Neutral,0,Entrance,
4/12/2025 19:04:32,Sad,30.12,Gallery 1,
4/16/2025 16:01:07,Neutral,0,Entrance,
4/16/2025 16:01:11,Sad,31.01,Entrance,
4/16/2025 16:06:38,Neutral,0,Entrance,
4/16/2025 16:06:39,Sad,26.88,Entrance,
4/16/2025 16:07:05,Surprise,29.66,Restrooms,
4/16/2025 16:09:42,Sad,31.36,Restrooms,
4/16/2025 16:09:59,Surprise,39.03,Restrooms,
4/16/2025 16:10:05,Happy,25.15,Restrooms,
4/16/2025 16:10:16,Sad,28.57,Restrooms,
4/16/2025 16:10:18,Surprise,27.16,Restrooms,
4/16/2025 16:21:04,Sad,25.22,Restrooms,
4/16/2025 16:21:14,Surprise,25.06,Restrooms,
4/16/2025 16:24:04,Fear,25.26,Restrooms,
4/16/2025 16:24:17,Surprise,31.18,Restrooms,
4/16/2025 16:27:13,Fear,25.62,Restrooms,
4/16/2025 16:27:39,Surprise,32.33,Gallery 3,
4/16/2025 16:28:17,Sad,27.17,Gallery 3,
4/16/2025 16:28:21,Surprise,29.36,Gallery 3,
4/16/2025 16:37:41,Sad,25.01,Gallery 3,
4/16/2025 16:37:59,Surprise,25.8,Gallery 3,
4/16/2025 16:38:00,Sad,25.14,Gallery 3,
4/16/2025 16:38:34,Fear,32.91,Gallery 3,
4/16/2025 16:39:01,Sad,25.7,Gallery 3,
4/16/2025 16:39:49,Surprise,25.6,Gallery 3,
4/16/2025 16:40:19,Sad,25.26,Gallery 3,
4/16/2025 16:40:47,Fear,25.23,Gallery 3,
4/16/2025 16:40:51,Sad,25.35,Gallery 3,
4/16/2025 16:43:41,Surprise,34.08,Gallery 3,
4/16/2025 16:43:53,Neutral,0,Entrance,
4/16/2025 16:43:54,Surprise,46.85,Entrance,
4/16/2025 16:45:10,Fear,31.17,Gallery 1,
4/16/2025 16:45:12,Surprise,31.31,Gallery 1,
4/16/2025 16:45:29,Fear,32.31,Gallery 1,
4/16/2025 16:45:32,Surprise,26.77,Gallery 1,
4/16/2025 16:45:45,Fear,32.24,Gallery 1,
4/16/2025 16:45:49,Surprise,37.24,Gallery 1,
4/16/2025 16:45:58,Fear,34.72,Gallery 1,
4/16/2025 16:46:02,Surprise,35.35,Gallery 1,
4/16/2025 16:48:33,Sad,25.36,Gallery 1,
4/16/2025 16:48:35,Surprise,26.16,Gallery 1,
4/16/2025 16:48:37,Fear,28.85,Gallery 1,
4/16/2025 16:48:39,Surprise,27.89,Gallery 1,
4/16/2025 16:48:50,Fear,28.72,Gallery 1,
4/16/2025 16:48:54,Surprise,27.07,Gallery 1,
4/16/2025 16:49:04,Fear,27.48,Gallery 1,
4/16/2025 16:49:10,Surprise,27.03,Gallery 1,
4/16/2025 16:49:13,Fear,27.13,Gallery 1,
4/16/2025 17:27:38,Neutral,0,Entrance,
4/16/2025 17:27:46,Surprise,25.3,Entrance,
4/16/2025 17:27:49,Fear,25.46,Gallery 1,
4/16/2025 17:27:51,Surprise,26.96,Gallery 1,
4/16/2025 18:12:13,Neutral,0,Entrance,
4/16/2025 18:12:17,Fear,26.9,Entrance,
4/16/2025 18:12:19,Surprise,29.45,Entrance,
4/16/2025 18:12:23,Fear,27.46,Entrance,
4/16/2025 18:12:23,Surprise,27.79,Entrance,
4/16/2025 18:12:25,Sad,27.16,Entrance,
4/16/2025 18:12:37,Fear,25.92,Entrance,
4/16/2025 18:12:38,Surprise,32.42,Entrance,
4/16/2025 18:13:03,Fear,28.51,Entrance,
4/16/2025 18:13:14,Surprise,26.57,Entrance,
4/16/2025 18:13:19,Fear,28.11,Entrance,
4/16/2025 18:13:25,Surprise,25.6,Entrance,
4/16/2025 18:13:38,Sad,28.75,Entrance,
4/16/2025 18:13:41,Happy,35.27,Entrance,
4/16/2025 18:13:43,Fear,29.38,Entrance,
4/16/2025 18:13:46,Surprise,31.33,Entrance,
4/16/2025 18:14:32,Fear,27.27,Entrance,
4/16/2025 18:14:45,Neutral,25.42,Entrance,
4/16/2025 18:14:48,Fear,25.23,Entrance,
4/16/2025 18:15:06,Sad,28.19,Entrance,
4/16/2025 18:15:19,Neutral,26.4,Entrance,
4/16/2025 18:15:21,Sad,25.9,Entrance,
4/16/2025 18:15:44,Fear,25.62,Entrance,
4/16/2025 18:17:14,Sad,25.17,Entrance,
4/16/2025 18:17:20,Fear,28.24,Entrance,
4/16/2025 18:17:26,Surprise,31.22,Entrance,
4/17/2025 3:55:44,Neutral,0,Entrance,
4/17/2025 4:01:04,Neutral,0,Entrance,
4/17/2025 13:02:10,Neutral,0,Entrance,
4/17/2025 17:47:12,Neutral,0,Entrance,
4/17/2025 17:47:22,Happy,25.82,Entrance,
4/17/2025 17:47:25,Neutral,26.26,Entrance,
4/17/2025 17:47:36,Happy,26.99,Entrance,
4/17/2025 17:47:38,Neutral,26.36,Entrance,
4/17/2025 17:48:01,Sad,29.16,Entrance,
4/17/2025 17:48:04,Surprise,34.87,Entrance,
4/17/2025 17:48:07,Sad,31.66,Entrance,
4/17/2025 17:48:12,Neutral,29.18,Entrance,
4/17/2025 17:54:42,Sad,26.85,Entrance,
4/17/2025 17:55:10,Neutral,27.06,Entrance,
4/17/2025 17:55:18,Sad,28.13,Entrance,
4/17/2025 17:55:23,Neutral,26.13,Entrance,
4/17/2025 17:57:10,Happy,44.96,Entrance,
4/17/2025 17:57:14,Neutral,30.94,Entrance,
4/17/2025 17:57:23,Surprise,25.37,Entrance,
4/17/2025 17:57:27,Neutral,25.59,Entrance,
4/17/2025 18:00:01,Sad,29.78,Entrance,
4/17/2025 18:00:17,Neutral,25.22,Entrance,
4/17/2025 18:00:45,Sad,28.54,Entrance,
4/17/2025 18:01:01,Neutral,30.73,Entrance,
4/17/2025 18:02:17,Sad,28.18,Entrance,
4/17/2025 18:02:21,Neutral,27.13,Entrance,
4/17/2025 18:03:55,Surprise,28.93,Entrance,
4/17/2025 18:04:15,Neutral,31.52,Entrance,
4/17/2025 18:05:21,Sad,29.36,Entrance,
4/17/2025 18:05:37,Neutral,27.13,Entrance,
4/17/2025 18:06:13,Sad,28.19,Entrance,
4/17/2025 18:06:17,Neutral,27.94,Entrance,
4/17/2025 18:06:25,Sad,29.31,Entrance,
4/17/2025 18:06:29,Neutral,31.9,Entrance,
4/17/2025 18:08:01,Happy,30.07,Entrance,
4/17/2025 18:08:05,Surprise,28.24,Entrance,
4/17/2025 18:08:09,Neutral,27.36,Entrance,
4/17/2025 18:08:17,Sad,26.21,Entrance,
4/17/2025 18:08:25,Neutral,27.32,Entrance,
4/17/2025 18:08:41,Sad,25.96,Entrance,
4/17/2025 18:08:45,Neutral,27.34,Entrance,
4/17/2025 18:08:50,Sad,26.06,Entrance,
4/17/2025 18:08:54,Neutral,27.26,Entrance,
4/17/2025 18:09:21,Sad,26.04,Entrance,
4/17/2025 18:09:25,Neutral,27.38,Entrance,
4/17/2025 18:09:33,Sad,26.18,Entrance,
4/17/2025 18:09:37,Neutral,27.07,Entrance,
4/17/2025 18:09:46,Sad,26.13,Entrance,
4/17/2025 18:09:49,Neutral,27.19,Entrance,
4/17/2025 18:09:53,Sad,25.93,Entrance,
4/17/2025 18:09:57,Neutral,27.31,Entrance,
4/17/2025 18:10:06,Sad,25.97,Entrance,
4/17/2025 18:10:09,Neutral,27.12,Entrance,
4/17/2025 18:10:17,Sad,26.18,Entrance,
4/17/2025 18:10:25,Neutral,26.83,Entrance,
4/17/2025 18:10:38,Sad,25.83,Entrance,
4/17/2025 18:10:41,Neutral,26.18,Entrance,
4/17/2025 18:10:57,Sad,25.99,Entrance,
4/17/2025 18:11:01,Neutral,27.01,Entrance,
4/17/2025 18:11:09,Sad,26.09,Entrance,
4/17/2025 18:11:13,Neutral,27.05,Entrance,
4/17/2025 18:11:21,Sad,26.08,Entrance,
4/17/2025 18:11:25,Neutral,26.95,Entrance,
4/17/2025 18:11:41,Sad,25.86,Entrance,
4/17/2025 18:11:45,Neutral,27.18,Entrance,
4/17/2025 18:11:57,Sad,25.99,Entrance,
4/17/2025 18:12:01,Neutral,26.83,Entrance,
4/17/2025 18:12:13,Sad,25.96,Entrance,
4/17/2025 18:12:17,Neutral,26.91,Entrance,
4/17/2025 18:12:41,Sad,26.13,Entrance,
4/17/2025 18:12:45,Neutral,27.1,Entrance,
4/17/2025 18:13:44,Sad,26.31,Entrance,
4/17/2025 18:13:48,Neutral,26.99,Entrance,
4/17/2025 18:14:03,Sad,26.13,Entrance,
4/17/2025 18:14:12,Sad,26.41,Entrance,
4/17/2025 18:14:24,Neutral,27.15,Entrance,
4/17/2025 18:14:32,Sad,26.76,Entrance,
4/17/2025 18:14:36,Neutral,27.08,Entrance,
4/17/2025 18:14:52,Sad,26.59,Entrance,
4/17/2025 18:14:56,Neutral,27.24,Entrance,
4/17/2025 18:15:08,Sad,26.55,Entrance,
4/17/2025 18:15:12,Neutral,27.17,Entrance,
4/17/2025 18:15:17,Sad,26.71,Entrance,
4/17/2025 18:15:20,Neutral,27.04,Entrance,
4/17/2025 18:15:36,Sad,26.61,Entrance,
4/17/2025 18:15:40,Neutral,26.93,Entrance,
4/17/2025 18:15:44,Sad,26.74,Entrance,
4/17/2025 18:15:48,Neutral,26.83,Entrance,
4/17/2025 18:15:56,Sad,26.76,Entrance,
4/17/2025 18:16:05,Neutral,26.82,Entrance,
4/17/2025 18:16:08,Sad,26.87,Entrance,
4/17/2025 18:16:12,Neutral,26.85,Entrance,
4/17/2025 18:16:16,Sad,26.64,Entrance,
4/17/2025 18:16:20,Neutral,26.94,Entrance,
4/17/2025 18:16:24,Sad,26.7,Entrance,
4/17/2025 18:17:44,Surprise,26.5,Entrance,
4/17/2025 18:17:49,Sad,26.61,Entrance,
4/17/2025 18:19:36,Surprise,26.57,Entrance,
4/17/2025 18:19:40,Sad,26.31,Entrance,
4/17/2025 18:20:32,Neutral,26.3,Entrance,
4/17/2025 18:20:44,Sad,26.06,Entrance,
4/17/2025 18:21:00,Neutral,25.95,Entrance,
4/17/2025 18:21:08,Sad,26.19,Entrance,
4/17/2025 18:21:12,Neutral,26.23,Entrance,
4/17/2025 18:21:24,Sad,25.99,Entrance,
4/17/2025 18:21:28,Neutral,26.27,Entrance,
4/17/2025 18:22:00,Sad,26.09,Entrance,
4/17/2025 18:22:04,Neutral,26.03,Entrance,
4/17/2025 18:22:17,Sad,26.18,Entrance,
4/17/2025 18:22:21,Neutral,26.44,Entrance,
4/17/2025 18:22:28,Sad,25.97,Entrance,
4/17/2025 18:22:33,Neutral,26.8,Entrance,
4/17/2025 18:24:20,Sad,26.36,Entrance,
4/17/2025 18:24:23,Neutral,27.85,Entrance,
4/17/2025 18:28:10,Sad,26.22,Entrance,
4/17/2025 18:28:14,Neutral,27.8,Entrance,
4/17/2025 18:28:38,Sad,26.19,Entrance,
4/17/2025 18:28:42,Neutral,26.62,Entrance,
4/17/2025 18:29:22,Sad,26.21,Entrance,
4/17/2025 18:29:26,Neutral,26.49,Entrance,
4/17/2025 18:29:38,Sad,26.38,Entrance,
4/17/2025 18:29:46,Neutral,26.7,Entrance,
4/17/2025 18:29:50,Sad,26.59,Entrance,
4/17/2025 18:29:54,Neutral,27.11,Entrance,
4/17/2025 18:29:58,Sad,26.64,Entrance,
4/17/2025 18:30:02,Neutral,27.03,Entrance,
4/17/2025 18:30:14,Sad,26.45,Entrance,
4/17/2025 18:30:22,Neutral,26.92,Entrance,
4/17/2025 18:30:25,Sad,26.45,Entrance,
4/17/2025 18:30:30,Neutral,26.68,Entrance,
4/17/2025 18:30:38,Sad,26.36,Entrance,
4/17/2025 18:30:42,Neutral,26.62,Entrance,
4/17/2025 18:30:46,Sad,26.55,Entrance,
4/17/2025 18:31:06,Neutral,26.63,Entrance,
4/17/2025 18:31:10,Sad,26.55,Entrance,
4/17/2025 18:31:18,Neutral,26.28,Entrance,
4/17/2025 18:31:27,Sad,26.39,Entrance,
4/17/2025 18:31:30,Neutral,26.16,Entrance,
4/17/2025 18:31:34,Sad,25.99,Entrance,
4/17/2025 18:31:38,Neutral,26.36,Entrance,
4/17/2025 18:31:41,Sad,26.44,Entrance,
4/17/2025 18:31:46,Neutral,26.35,Entrance,
4/17/2025 18:32:02,Sad,26.16,Entrance,
4/17/2025 18:32:14,Neutral,26.25,Entrance,
4/17/2025 18:32:22,Sad,26.19,Entrance,
4/17/2025 18:32:26,Neutral,26.4,Entrance,
4/17/2025 18:32:34,Sad,26.24,Entrance,
4/17/2025 18:32:38,Neutral,25.8,Entrance,
4/17/2025 18:33:46,Sad,26.14,Entrance,
4/17/2025 18:33:50,Neutral,26.67,Entrance,
4/17/2025 18:34:14,Sad,26.19,Entrance,
4/17/2025 18:34:18,Neutral,26.77,Entrance,
4/17/2025 18:34:26,Sad,26.31,Entrance,
4/17/2025 18:34:30,Neutral,26.37,Entrance,
4/17/2025 18:34:38,Sad,26.31,Entrance,
4/17/2025 18:34:46,Neutral,26.34,Entrance,
4/17/2025 18:35:07,Sad,26.14,Entrance,
4/17/2025 18:35:10,Neutral,26.55,Entrance,
4/17/2025 18:35:49,Sad,26.21,Entrance,
4/17/2025 18:35:53,Neutral,26.34,Entrance,
4/17/2025 18:36:05,Sad,26.38,Entrance,
4/17/2025 18:36:09,Neutral,26.79,Entrance,
4/17/2025 18:36:25,Sad,26.29,Entrance,
4/17/2025 18:36:29,Neutral,27.05,Entrance,
4/17/2025 18:36:33,Sad,26.34,Entrance,
4/17/2025 18:36:41,Neutral,26.84,Entrance,
4/17/2025 18:36:49,Sad,26.35,Entrance,
4/17/2025 18:36:57,Neutral,26.38,Entrance,
4/17/2025 18:37:02,Sad,26.46,Entrance,
4/17/2025 18:37:13,Neutral,26.85,Entrance,
4/17/2025 18:37:33,Sad,26.25,Entrance,
4/17/2025 18:37:38,Neutral,26.31,Entrance,
4/17/2025 18:38:05,Sad,26.3,Entrance,
4/17/2025 18:38:13,Neutral,26.28,Entrance,
4/17/2025 18:38:25,Sad,26.01,Entrance,
4/17/2025 18:38:29,Neutral,26.18,Entrance,
4/17/2025 18:38:33,Sad,26.13,Entrance,
4/17/2025 18:38:37,Neutral,25.99,Entrance,
4/17/2025 18:38:41,Sad,25.96,Entrance,
4/17/2025 18:38:45,Neutral,26.28,Entrance,
4/17/2025 18:38:57,Sad,26.06,Entrance,
4/17/2025 18:39:01,Neutral,26.03,Entrance,
4/17/2025 18:39:05,Sad,25.91,Entrance,
4/17/2025 18:39:13,Neutral,25.94,Entrance,
4/17/2025 18:39:44,Sad,25.94,Entrance,
4/17/2025 18:39:56,Neutral,25.91,Entrance,
4/17/2025 18:40:16,Sad,25.84,Entrance,
4/17/2025 18:40:20,Neutral,26.41,Entrance,
4/17/2025 18:40:29,Surprise,26.15,Entrance,
4/17/2025 18:40:32,Neutral,26.17,Entrance,
4/17/2025 18:40:44,Sad,25.64,Entrance,
4/17/2025 18:40:52,Neutral,26.26,Entrance,
4/17/2025 18:41:00,Sad,26.03,Entrance,
4/17/2025 18:41:04,Neutral,26.52,Entrance,
4/17/2025 18:41:08,Surprise,26.15,Entrance,
4/17/2025 18:41:12,Sad,25.94,Entrance,
4/17/2025 18:41:32,Neutral,26.22,Entrance,
4/17/2025 18:41:41,Sad,26.08,Entrance,
4/17/2025 18:41:44,Neutral,26.69,Entrance,
4/17/2025 18:41:52,Sad,25.94,Entrance,
4/17/2025 18:42:00,Neutral,26.71,Entrance,
4/17/2025 18:42:04,Sad,25.97,Entrance,
4/17/2025 18:42:08,Neutral,26.73,Entrance,
4/17/2025 18:42:12,Sad,26.13,Entrance,
4/17/2025 18:42:16,Neutral,27.21,Entrance,
4/17/2025 18:42:28,Sad,26.09,Entrance,
4/17/2025 18:42:32,Neutral,26.85,Entrance,
4/17/2025 18:42:36,Sad,26.11,Entrance,
4/17/2025 18:42:45,Neutral,27.2,Entrance,
4/17/2025 18:42:49,Sad,25.84,Entrance,
4/17/2025 18:42:52,Neutral,27.04,Entrance,
4/17/2025 18:43:00,Sad,26.12,Entrance,
4/17/2025 18:43:04,Neutral,27.03,Entrance,
4/17/2025 18:43:08,Sad,25.86,Entrance,
4/17/2025 18:43:20,Neutral,27.01,Entrance,
4/17/2025 18:43:24,Sad,25.93,Entrance,
4/17/2025 18:43:28,Neutral,26.88,Entrance,
4/17/2025 18:43:33,Sad,26.04,Entrance,
4/17/2025 18:43:36,Neutral,26.88,Entrance,
4/17/2025 18:43:40,Sad,26.04,Entrance,
4/17/2025 18:43:48,Neutral,27.09,Entrance,
4/17/2025 18:43:52,Sad,25.82,Entrance,
4/17/2025 18:43:56,Neutral,26.98,Entrance,
4/17/2025 18:44:00,Sad,25.88,Entrance,
4/17/2025 18:44:04,Neutral,27.11,Entrance,
4/17/2025 18:44:13,Sad,25.81,Entrance,
4/17/2025 18:44:16,Neutral,26.95,Entrance,
4/17/2025 18:44:20,Sad,26.01,Entrance,
4/17/2025 18:45:08,Neutral,25.71,Entrance,
4/17/2025 18:45:12,Sad,25.68,Entrance,
4/17/2025 18:45:32,Neutral,26.12,Entrance,
4/17/2025 18:45:40,Sad,25.56,Entrance,
4/17/2025 18:46:08,Neutral,25.59,Entrance,
4/17/2025 18:46:12,Surprise,25.86,Entrance,
4/17/2025 18:46:16,Neutral,25.91,Entrance,
4/17/2025 18:46:20,Sad,25.76,Entrance,
4/17/2025 18:46:28,Neutral,25.66,Entrance,
4/17/2025 18:46:37,Sad,25.74,Entrance,
4/17/2025 18:46:44,Neutral,25.64,Entrance,
4/17/2025 18:46:52,Sad,25.59,Entrance,
4/17/2025 18:46:56,Neutral,25.85,Entrance,
4/17/2025 18:55:33,Surprise,36.82,Entrance,
4/17/2025 18:56:04,Neutral,27.74,Entrance,
4/17/2025 20:14:45,Sad,32.47,Entrance,
4/17/2025 21:25:40,Surprise,27.87,Entrance,
4/17/2025 21:25:52,Sad,30.64,Entrance,
4/17/2025 21:31:06,Neutral,30.79,Entrance,
4/17/2025 21:32:10,Sad,25.87,Entrance,
4/17/2025 21:33:46,Neutral,25.01,Entrance,
4/17/2025 21:34:01,Sad,25.39,Entrance,
4/17/2025 21:37:05,Neutral,25.03,Entrance,
4/17/2025 21:37:45,Sad,25.56,Entrance,
4/17/2025 21:37:53,Angry,25.14,Entrance,
4/17/2025 21:37:56,Sad,26.9,Entrance,
4/17/2025 21:38:37,Neutral,25.14,Entrance,
4/17/2025 21:38:49,Sad,25.54,Entrance,
4/17/2025 21:42:15,Happy,30.25,Entrance,
4/17/2025 21:42:26,Sad,25.47,Entrance,
4/17/2025 21:44:23,Happy,25.33,Entrance,
4/17/2025 21:44:27,Sad,30.55,Entrance,
4/17/2025 21:48:43,Neutral,29.81,Entrance,
4/17/2025 21:48:50,Sad,27.75,Entrance,
4/17/2025 21:53:02,Neutral,27.72,Entrance,
4/17/2025 21:53:10,Sad,31.17,Entrance,
4/22/2025 13:15:12,Neutral,0,Entrance,
4/22/2025 13:16:16,Sad,29.97,Entrance,
4/22/2025 13:31:21,Neutral,0,Entrance,
4/22/2025 13:32:18,Sad,29.97,Entrance,
4/22/2025 15:48:29,Fear,58.09,Entrance,
4/22/2025 15:48:37,Sad,30,Entrance,
4/22/2025 15:49:30,Fear,74.43,Entrance,
4/22/2025 15:50:11,Sad,29.99,Entrance,
4/23/2025 19:50:51,Sad,29.23,Entrance,
4/23/2025 19:50:53,Neutral,29.23,Entrance,
4/23/2025 19:51:07,Fear,30.15,Entrance,
4/23/2025 19:51:08,Sad,30.66,Entrance,
4/23/2025 19:51:12,Fear,31.84,Entrance,
4/23/2025 20:00:35,Sad,29.64,Entrance,
4/25/2025 17:09:13,Neutral,24.34,Entrance,
4/25/2025 17:09:15,Happy,26.3,Entrance,
4/25/2025 17:09:16,Neutral,34.9,Entrance,
4/25/2025 17:09:18,Sad,31.51,Entrance,
4/25/2025 17:09:19,Surprise,29.31,Entrance,
4/25/2025 17:09:30,Happy,27.78,Entrance,
4/25/2025 17:09:34,Sad,25.87,Gallery 1,
4/25/2025 17:09:35,Surprise,25.36,Gallery 1,
4/25/2025 17:09:40,Happy,35.4,Gallery 1,
4/25/2025 17:30:41,Happy,29.45,Entrance,
4/25/2025 17:30:45,Angry,25.73,Entrance,
4/25/2025 17:30:54,Happy,28.11,Gallery 1,
4/25/2025 17:30:57,Neutral,0,Entrance,
4/25/2025 17:31:18,Angry,25.21,Gallery 2,
4/25/2025 17:31:19,Happy,27.24,Gallery 2,
4/25/2025 17:31:34,Angry,27.25,Gallery 2,
4/25/2025 17:31:38,Happy,29.82,Gallery 3,
4/25/2025 17:31:47,Sad,31.18,Gallery 3,
4/25/2025 17:31:48,Happy,35.8,Gallery 3,
4/25/2025 17:47:24,Neutral,21.73,Entrance,
4/25/2025 17:47:31,Neutral,24.27,Entrance,
4/25/2025 17:47:38,Sad,28.62,Entrance,
4/25/2025 17:47:39,Fear,27.98,Entrance,
4/25/2025 17:47:49,Sad,27.79,Entrance,
4/25/2025 17:47:52,Neutral,52.69,Entrance,
4/26/2025 18:59:51,Sad,30,Entrance,
4/27/2025 7:37:17,Neutral,0,Entrance,
4/27/2025 7:37:18,Sad,29.96,Entrance,
4/27/2025 12:05:44,Neutral,0,Entrance,
4/27/2025 12:05:46,Sad,30,Entrance,
4/29/2025 15:00:41,Neutral,0,Entrance,
4/29/2025 20:58:24,Neutral,0,Entrance,
4/29/2025 20:58:24,Fear,98.19,Entrance,
4/29/2025 20:58:32,Surprise,47.85,Entrance,
4/29/2025 20:58:36,Fear,40.53,Entrance,
4/29/2025 20:58:40,Disgust,70.8,Entrance,
4/29/2025 20:58:45,Fear,74.95,Entrance,
4/29/2025 20:58:54,Disgust,54.15,Entrance,
4/29/2025 20:58:57,Fear,73.97,Gallery 1,
4/29/2025 20:58:59,Disgust,48.75,Gallery 1,
4/29/2025 20:59:06,Neutral,65.92,Entrance,
4/29/2025 20:59:06,Fear,65.92,Entrance,
4/29/2025 20:59:09,Disgust,48.71,Entrance,
4/29/2025 20:59:11,Fear,53.37,Entrance,
4/29/2025 20:59:17,Disgust,80.76,Entrance,
4/29/2025 20:59:26,Fear,50.54,Entrance,
4/29/2025 20:59:32,Disgust,99.02,Entrance,
4/29/2025 20:59:39,Fear,74.76,Entrance,